<?xml version="1.0" encoding="UTF-8"?>
<project-private xmlns="http://www.netbeans.org/ns/project-private/1">
    <editor-bookmarks xmlns="http://www.netbeans.org/ns/editor-bookmarks/2" lastBookmarkId="0"/>
    <open-files xmlns="http://www.netbeans.org/ns/projectui-open-files/2">
        <group>
            <file>file:/C:/Users/RociodelosAngeles/Documents/Dev/Repositorio_MySQL/DB_MySQL/JMySQL_ava_App/MySQL_App/src/mysql_app/Gui_Pre_Mat.java</file>
            <file>file:/C:/Users/RociodelosAngeles/Documents/Dev/Repositorio_MySQL/DB_MySQL/JMySQL_ava_App/MySQL_App/src/mysql_app/Resumen.java</file>
            <file>file:/C:/Users/RociodelosAngeles/Documents/Dev/Repositorio_MySQL/DB_MySQL/JMySQL_ava_App/MySQL_App/src/mysql_app/Consultas.java</file>
        </group>
    </open-files>
</project-private>
